height_ft,girth_ft,log10_height,log10_girth
10.23292992,1.995262315,1.01,0.3
10.96478196,4.897788194,1.04,0.69
6.309573445,30.90295433,0.8,1.49
11.48153621,2.454708916,1.06,0.39
31.6227766,13.48962883,1.5,1.13
2.290867653,1.023292992,0.36,0.01
4466.835922,338.8441561,3.65,2.53
39.81071706,6.760829754,1.6,0.83
25.11886432,8.317637711,1.4,0.92
63.09573445,17.7827941,1.8,1.25
316.227766,56.23413252,2.5,1.75