girth_ft,height_ft
0.1,10.08296121
0.2,10.87688877
0.3,11.53617528
0.4,12.43451058
0.5,13.18624384
0.6,13.95118761
0.7,14.78415977
0.8,15.45324911
0.9,16.34718793
1,17.14627611
1.1,17.8862852
1.2,18.72803298
1.3,19.56061866
1.4,20.21424366
1.5,21.04509014
1.6,21.93010817
1.7,22.72722423
1.8,23.3445501
1.9,24.20552573
2,25.01206655