girth_ft,height_ft
0.1,6.158867313
0.2,6.143491775
0.3,6.155722067
0.4,6.597539554
0.5,7.071067812
0.6,7.578582833
0.7,8.122523964
0.8,8.705505633
0.9,9.330329915
1,10.1121
1.1,10.71773463
1.2,11.48698355
1.3,12.31144413
1.4,13.19507911
1.5,14.14213562
1.6,15.15716567
1.7,16.24504793
1.8,18.81101127
1.9,20.36065983
2,25.2344